Workbook

Sheet Project Tracker
A1: ID | B1: Phase | C1: Workstream | D1: Task | E1: Status | F1: Priority | G1: Owner | H1: Target Date | I1: Notes
A2: 1 | B2: Phase 0 | C2: Protect Current Working Setup | D2: Capture and document the known-good deployment | E2: Completed | F2: High | I2: Known-good deployment documented.
A3: 2 | B3: Phase 0 | C3: Protect Current Working Setup | D3: Tag/version known-good deployment state | E3: In Progress | F3: Medium | I3: Keep an explicit rollback reference/tag.
A4: 3 | B4: Phase 0 | C4: Protect Current Working Setup | D4: Back up/reference Agent Engine, Agent Identity, Agent Gateway and MCP configurations | E4: Completed | F4: High | I4: Configuration and architecture references exist.
A5: 4 | B5: Phase 0 | C5: Protect Current Working Setup | D5: Capture successful end-to-end investigation with logs and traces | E5: In Progress | F5: High | I5: Corrected 2026-08-13: was marked Completed, but reliable full-path trace evidence does not currently exist. A real deployed investigation (run_20260813_045745_ainm) produced no exported Cloud Trace span at all; this project's entire Cloud Trace history has only 2 old traces (2026-08-09), one span each. Structured logs + GCS evidence capture ARE working (verified repeatedly this session), but "logs and traces" together, as this task states, is not yet true. Tracked by GitHub #130 / tracker ID 62.
A6: 5 | B6: Phase 0 | C6: Protect Current Working Setup | D6: Document rollback and recovery steps | E6: In Progress | F6: High | I6: Needs final validation.
A7: 6 | B7: Phase 0 | C7: Protect Current Working Setup | D7: Perform rollback test | E7: Not Started | F7: High | I7: Required before production approval.
A8: 7 | B8: Phase 0 | C8: Protect Current Working Setup | D8: Perform disaster-recovery drill | E8: Not Started | F8: Medium | I8: Production readiness validation.
A9: 8 | B9: Phase 1 | C9: Production Readiness | D9: Consolidate production roadmap | E9: In Progress | F9: High | I9: Use this tracker as the consolidated source of truth.
A10: 9 | B10: Phase 1 | C10: Production Readiness | D10: Complete Production Readiness Review | E10: In Progress | F10: Critical | I10: Multiple launch gaps remain.
A11: 10 | B11: Phase 1 | C11: Production Readiness | D11: Map architecture, data flow and trust boundaries | E11: In Progress | F11: High | I11: Architecture exists; trust-boundary validation remains.
A12: 11 | B12: Phase 1 | C12: Production Readiness | D12: Validate Agent Gateway architecture | E12: In Progress | F12: High | I12: Gateway works; final production validation remains.
A13: 12 | B13: Phase 1 | C13: Production Readiness | D13: Validate Agent Identity architecture | E13: Completed | F13: High | I13: Implemented.
... A152: 152 | B152: Phase 6 | C152: Observability & Reliability | D152: Fix persistent Cloud Logging observability-write 403 (rca_builder.py) | E152: Completed | F152: P2-medium-fix | I152: RESOLVED 2026-08-23. Root cause: default gRPC transport never resolved a registry match through Agent Gateway (agentGatewayInfo empty on every real call, unlike every other working destination). Fix: cloud_logging.Client(_use_grpc=False), matched by re-registering us-central1-logging as protocolBinding=HTTP_JSON (Cloud Trace untouched). Live-verified 3/3 clean deployed investigations (run_20260823_163628_epvi, run_20260823_164050_ltcl, run_20260823_164258_wrjv) -- real entries now in sre-agent-investigations, which had zero entries in 180 days before. PRs #174 (controlled test), #175 (rolled to all 4 sites). Corrects a wrong repo assumption that google-cloud-logging is gRPC-only -- it isn't, confirmed against the installed 3.15.0 client.
A153: 153 | B153: 6 | C153: Observability & Reliability | D153: Fix Cloud Trace span fragmentation in native stream_query() investigations | E153: Completed | F153: High | I153: Fixed 2026-08-15 (PR #163, merge commit 7f02061). Root cause: investigate_stream()'s outer sre_agent.investigation OTel context was lost across the generator's own yield/resume boundary -- confirmed via a live diagnostic deployment (PR #162) showing context valid through points A/B, invalid immediately after the first yield (point C), same OS thread throughout. Fix: explicit OTel context capture/reattach around every graph.stream() iterator advancement in agent/main.py. Verified live: run_20260815_230251_iwqp produced one correlated trace with all 54 spans (sre_agent.investigation -> langgraph.* -> gen_ai.chat), matching the #130-validated synchronous baseline span count. GitHub #161 closed.
A154: 154 | B154: 6 | C154: Observability & Reliability | D154: Resolve Agent Platform Console Traces/Telemetry view not updating after OTel provider fix (#164) | E154: In Progress | F154: High | I154: FIXED (app side): our own OTel tracer-provider race. #130's fix (PR #136) made our tracer initialize early in set_up() and reliably win OpenTelemetry's one-time global-provider race (confirmed live: 11/11 workers), blocking Agent Engine's managed provider from installing. PR #165 (merge commit ee65b69, deployed 2026-08-16) stopped competing for that slot -- get_tracer() now builds its own local TracerProvider -- restoring the managed tracer path. Verified live: Google-owned Model Armor spans reappeared in Cloud Trace (never seen before this fix). WORKING: Cloud Trace collection itself. Live run run_20260816_083409_lpak produced 54 correctly-parented spans. STILL UNRESOLVED: the Agent Platform Console's Traces tab has not updated since 2026-08-13, and the Deployments list's Telemetry collection column still reads 'Learn more', not 'Enabled'. ROOT CAUSE UNCONFIRMED (Console side). Three config-level hypotheses tested live and ruled out 2026-08-14..16, each reverted after: sync vs stream invocation method; OTEL_INSTRUMENTATION_GENAI_CAPTURE_MESSAGE_CONTENT (boolean and correct-enum values); OTEL_SEMCONV_STABILITY_OPT_IN (never previously set). That was the last realistic officially-documented config lead. Google support case drafted, NOT yet submitted. GitHub #164 remains OPEN. Use Cloud Trace directly instead of the Console tab until it closes.
A155: 155 | B155: 1 | C155: Production Readiness | D155: Issue #77: CI runs no tests, linting, or security scanning on pull requests | E155: Completed | F155: P2-medium-fix | I155: Fixed and deployed (PR #141): python-tests.yml added -- pytest, blocking ruff, pip-audit, a separate mcp-pytest job. Live-validated 2026-08-20: deploy run https://github.com/AshminPy/sre-agent-gateway/actions/runs/32427392189 -- a real investigation (imagepull scenario) completed in ~90s with a correct root cause and no #103-style timeout, the required clean canary. GitHub #77 closed.
A156: 156 | B156: 1 | C156: Production Readiness | D156: Issue #78: CI path filters skip tests/, scripts/, eval/, and iac/gke-access/ | E156: Completed | F156: P2-medium-fix | I156: Fixed and deployed (PR #141), scoped correctly per its own 2026-08-14 Correction: eval/** and iac/gke-access/** intentionally excluded (iac/gke-access is a separate Terraform stack; both terraform workflows run working-directory: iac/agent, so adding that path would validate the wrong stack -- deferred to a later, unfiled audit item, not this issue). Live-validated by the same canary as #77: https://github.com/AshminPy/sre-agent-gateway/actions/runs/32427392189. GitHub #78 closed.
A157: 157 | B157: 1 | C157: Production Readiness | D157: Issue #94: Recurring terraform plan drift: TELEMETRY env var re-add + source_archive mismatch on sre_agent | E157: Completed | F157: P2-medium-fix | I157: Fixed (PR #157, merged 2026-08-20): removed the GOOGLE_CLOUD_AGENT_ENGINE_ENABLE_TELEMETRY declaration from agent_engine.tf -- Google's own provider code unconditionally skips this var when reading state back, so declaring it made every plan re-propose adding it forever. Deployed and applied cleanly: run https://github.com/AshminPy/sre-agent-gateway/actions/runs/32427392189, Apply step succeeded, 0 errors. Second cause (historical source_archive drift from the pre-#93 out-of-band script) was already expected to self-resolve; worth one more terraform plan check in a future session, not a new issue. GitHub #94 closed.
A158: 158 | B158: 3 | C158: RCA Output & Evidence | D158: Container-aware evidence collection and attribution (multi-container/sidecar pods) | E158: Not Started | F158: Critical | I158: Confirmed 2026-08-21/22: ALL workloads on the target GKE Autopilot clusters run an Istio sidecar -- this affects every investigation, not an edge case. Confirmed gap, 3 layers, read directly from code: (1) agent/mcp_client.py:306-317's GKE Remote MCP payload builder for get_k8s_logs never forwards a container argument even though the API supports one (custom MCP's mcp/tools/logs.py already does this correctly); (2) agent/nodes/evidence_extractor.py's evidence schema has no container field and never surfaces describe_pod_detail's own containers/container_statuses into the evidence the LLM reasons over; (3) agent/prompts.py's tool-selection prompt has no language teaching the model that a pod can have multiple containers, and mcp_router.py's auto-fill only ever sets namespace/pod. Scope, deliberately narrow -- data plumbing and prompt fix, not a redesign: forward the container arg on the GKE path, surface containers/container_statuses into key_facts, add container-selection guidance to the tool-selection prompt, add a container field to the evidence schema. Required before Milestone 1 (GKE pilot) per management direction 2026-08-22 -- every pilot target has this. See EXT-003 (External Dependencies worksheet) for the corresponding real work-cluster observation.
A159: 159 | B159: 6 | C159: Observability & Reliability | D159: Issue #139 fix rolled out to tool_executor.py/mcp_router.py/gcs_client.py | E159: In Progress | F159: P2-medium-fix | I159: Same _use_grpc=False fix as row 152's rca_builder.py resolution, applied to the 3 sibling call sites sharing the identical pattern (sre-agent-tool-failures, sre-agent-routing-failures, sre-agent-evidence-storage-failures). PR #175 merged and deployed (CI run 32653113035, smoke test passed). NOT yet live-validated -- these 3 only write on a genuine tool/routing/evidence-storage failure, which did not occur naturally in the 3 confirmation runs used to validate row 152. Completion requires: a real failure of each kind occurring live with the corresponding log entry confirmed written, no 403. Also open: the new HTTP_JSON-transported entries show resource.type=cloud_run_revision, not aiplatform.googleapis.com/ReasoningEngine -- the 5 alerts tied to these loggers (gke_mcp_failures, custom_mcp_failures, repeated_tool_failures, routing_failures, evidence_storage_failures) need their own resource.type re-check before assuming PR #173's fix pattern applies.

Sheet Dashboard
A1: SRE Agent Project Dashboard
A4: Metric | B4: Value | D4: Priority | E4: Count
A5: Total Tasks | B5: =COUNTA('Project Tracker'!D2:D10000) | D5: Critical | E5: =COUNTIF('Project Tracker'!F2:F10000,"Critical")
A6: Completed | B6: =COUNTIF('Project Tracker'!E2:E10000,"Completed") | D6: High | E6: =COUNTIF('Project Tracker'!F2:F10000,"High")
A7: In Progress | B7: =COUNTIF('Project Tracker'!E2:E10000,"In Progress") | D7: Medium | E7: =COUNTIF('Project Tracker'!F2:F10000,"Medium")
A8: Blocked | B8: =COUNTIF('Project Tracker'!E2:E10000,"Blocked") | D8: Low | E8: =COUNTIF('Project Tracker'!F2:F10000,"Low")
A9: Not Started | B9: =COUNTIF('Project Tracker'!E2:E10000,"Not Started") | D9: Deferred | E9: =COUNTIF('Project Tracker'!E2:E10000,"Deferred")
A10: Waiting on Google Support | B10: =COUNTIF('Project Tracker'!E2:E10000,"Waiting on Google Support")
A12: Current Priority Focus
A13: Order | B13: Focus | C13: Status | D13: Why It Matters
A14: 1 | B14: Fix client timeout / investigation latency | C14: Blocked | D14: Live runs can exceed the client timeout.
A15: 2 | B15: Restore reliable pod-log access | C15: Blocked | D15: Missing logs directly reduces investigation quality.
A16: 3 | B16: Close confidence/evidence correctness gaps | C16: In Progress | D16: Confidence must reflect successful, fresh evidence.
A17: 4 | B17: Finish routing safety and multi-cluster IAM | C17: In Progress | D17: Wrong-cluster/default routing is a production safety risk.
A18: 5 | B18: Complete full E2E evaluation | C18: Blocked | D18: Need proof the entire workflow works together.
A19: 6 | B19: Deploy Custom MCP + validate Connect Gateway | C19: In Progress | D19: Required for production non-GKE/on-prem support.
A20: 7 | B20: Build PagerDuty integration | C20: Not Started | D20: Required automated production trigger path.

Sheet Phase Summary
A1: Phase | B1: Workstream | C1: Total | D1: Completed | E1: In Progress | F1: Blocked | G1: Not Started | H1: Waiting on Google Support
A2: Phase 0 | B2: Protect Current Working Setup | C2: =COUNTIFS('Project Tracker'!B:B,A2,'Project Tracker'!C:C,B2) | D2: =COUNTIFS('Project Tracker'!B:B,A2,'Project Tracker'!C:C,B2,'Project Tracker'!E:E,"Completed") | E2: =COUNTIFS('Project Tracker'!B:B,A2,'Project Tracker'!C:C,B2,'Project Tracker'!E:E,"In Progress") | F2: =COUNTIFS('Project Tracker'!B:B,A2,'Project Tracker'!C:C,B2,'Project Tracker'!E:E,"Blocked") | G2: =COUNTIFS('Project Tracker'!B:B,A2,'Project Tracker'!C:C,B2,'Project Tracker'!E:E,"Not Started") | H2: =COUNTIFS('Project Tracker'!B:B,A2,'Project Tracker'!C:C,B2,'Project Tracker'!E:E,"Waiting on Google Support")
A3: Phase 1 | B3: Production Readiness | C3: =COUNTIFS('Project Tracker'!B:B,A3,'Project Tracker'!C:C,B3) | D3: =COUNTIFS('Project Tracker'!B:B,A3,'Project Tracker'!C:C,B3,'Project Tracker'!E:E,"Completed") | E3: =COUNTIFS('Project Tracker'!B:B,A3,'Project Tracker'!C:C,B3,'Project Tracker'!E:E,"In Progress") | F3: =COUNTIFS('Project Tracker'!B:B,A3,'Project Tracker'!C:C,B3,'Project Tracker'!E:E,"Blocked") | G3: =COUNTIFS('Project Tracker'!B:B,A3,'Project Tracker'!C:C,B3,'Project Tracker'!E:E,"Not Started") | H3: =COUNTIFS('Project Tracker'!B:B,A3,'Project Tracker'!C:C,B3,'Project Tracker'!E:E,"Waiting on Google Support")
A4: Phase 2 | B4: Agent Gateway & Model Armor | C4: =COUNTIFS('Project Tracker'!B:B,A4,'Project Tracker'!C:C,B4) | D4: =COUNTIFS('Project Tracker'!B:B,A4,'Project Tracker'!C:C,B4,'Project Tracker'!E:E,"Completed") | E4: =COUNTIFS('Project Tracker'!B:B,A4,'Project Tracker'!C:C,B4,'Project Tracker'!E:E,"In Progress") | F4: =COUNTIFS('Project Tracker'!B:B,A4,'Project Tracker'!C:C,B4,'Project Tracker'!E:E,"Blocked") | G4: =COUNTIFS('Project Tracker'!B:B,A4,'Project Tracker'!C:C,B4,'Project Tracker'!E:E,"Not Started") | H4: =COUNTIFS('Project Tracker'!B:B,A4,'Project Tracker'!C:C,B4,'Project Tracker'!E:E,"Waiting on Google Support")
A5: Phase 3 | B5: RCA Output & Evidence | C5: =COUNTIFS('Project Tracker'!B:B,A5,'Project Tracker'!C:C,B5) | D5: =COUNTIFS('Project Tracker'!B:B,A5,'Project Tracker'!C:C,B5,'Project Tracker'!E:E,"Completed") | E5: =COUNTIFS('Project Tracker'!B:B,A5,'Project Tracker'!C:C,B5,'Project Tracker'!E:E,"In Progress") | F5: =COUNTIFS('Project Tracker'!B:B,A5,'Project Tracker'!C:C,B5,'Project Tracker'!E:E,"Blocked") | G5: =COUNTIFS('Project Tracker'!B:B,A5,'Project Tracker'!C:C,B5,'Project Tracker'!E:E,"Not Started") | H5: =COUNTIFS('Project Tracker'!B:B,A5,'Project Tracker'!C:C,B5,'Project Tracker'!E:E,"Waiting on Google Support")
A6: Phase 4 | B6: Dynamic Investigation & Confidence | C6: =COUNTIFS('Project Tracker'!B:B,A6,'Project Tracker'!C:C,B6) | D6: =COUNTIFS('Project Tracker'!B:B,A6,'Project Tracker'!C:C,B6,'Project Tracker'!E:E,"Completed") | E6: =COUNTIFS('Project Tracker'!B:B,A6,'Project Tracker'!C:C,B6,'Project Tracker'!E:E,"In Progress") | F6: =COUNTIFS('Project Tracker'!B:B,A6,'Project Tracker'!C:C,B6,'Project Tracker'!E:E,"Blocked") | G6: =COUNTIFS('Project Tracker'!B:B,A6,'Project Tracker'!C:C,B6,'Project Tracker'!E:E,"Not Started") | H6: =COUNTIFS('Project Tracker'!B:B,A6,'Project Tracker'!C:C,B6,'Project Tracker'!E:E,"Waiting on Google Support")
A7: Phase 5 | B7: Testing & Evaluation | C7: =COUNTIFS('Project Tracker'!B:B,A7,'Project Tracker'!C:C,B7) | D7: =COUNTIFS('Project Tracker'!B:B,A7,'Project Tracker'!C:C,B7,'Project Tracker'!E:E,"Completed") | E7: =COUNTIFS('Project Tracker'!B:B,A7,'Project Tracker'!C:C,B7,'Project Tracker'!E:E,"In Progress") | F7: =COUNTIFS('Project Tracker'!B:B,A7,'Project Tracker'!C:C,B7,'Project Tracker'!E:E,"Blocked") | G7: =COUNTIFS('Project Tracker'!B:B,A7,'Project Tracker'!C:C,B7,'Project Tracker'!E:E,"Not Started") | H7: =COUNTIFS('Project Tracker'!B:B,A7,'Project Tracker'!C:C,B7,'Project Tracker'!E:E,"Waiting on Google Support")
A8: Phase 6 | B8: Observability & Reliability | C8: =COUNTIFS('Project Tracker'!B:B,A8,'Project Tracker'!C:C,B8) | D8: =COUNTIFS('Project Tracker'!B:B,A8,'Project Tracker'!C:C,B8,'Project Tracker'!E:E,"Completed") | E8: =COUNTIFS('Project Tracker'!B:B,A8,'Project Tracker'!C:C,B8,'Project Tracker'!E:E,"In Progress") | F8: =COUNTIFS('Project Tracker'!B:B,A8,'Project Tracker'!C:C,B8,'Project Tracker'!E:E,"Blocked") | G8: =COUNTIFS('Project Tracker'!B:B,A8,'Project Tracker'!C:C,B8,'Project Tracker'!E:E,"Not Started") | H8: =COUNTIFS('Project Tracker'!B:B,A8,'Project Tracker'!C:C,B8,'Project Tracker'!E:E,"Waiting on Google Support")
A9: Phase 7 | B9: Multi-Cluster Scalability | C9: =COUNTIFS('Project Tracker'!B:B,A9,'Project Tracker'!C:C,B9) | D9: =COUNTIFS('Project Tracker'!B:B,A9,'Project Tracker'!C:C,B9,'Project Tracker'!E:E,"Completed") | E9: =COUNTIFS('Project Tracker'!B:B,A9,'Project Tracker'!C:C,B9,'Project Tracker'!E:E,"In Progress") | F9: =COUNTIFS('Project Tracker'!B:B,A9,'Project Tracker'!C:C,B9,'Project Tracker'!E:E,"Blocked") | G9: =COUNTIFS('Project Tracker'!B:B,A9,'Project Tracker'!C:C,B9,'Project Tracker'!E:E,"Not Started") | H9: =COUNTIFS('Project Tracker'!B:B,A9,'Project Tracker'!C:C,B9,'Project Tracker'!E:E,"Waiting on Google Support")
A10: Phase 8 | B10: MCP Tool Architecture | C10: =COUNTIFS('Project Tracker'!B:B,A10,'Project Tracker'!C:C,B10) | D10: =COUNTIFS('Project Tracker'!B:B,A10,'Project Tracker'!C:C,B10,'Project Tracker'!E:E,"Completed") | E10: =COUNTIFS('Project Tracker'!B:B,A10,'Project Tracker'!C:C,B10,'Project Tracker'!E:E,"In Progress") | F10: =COUNTIFS('Project Tracker'!B:B,A10,'Project Tracker'!C:C,B10,'Project Tracker'!E:E,"Blocked") | G10: =COUNTIFS('Project Tracker'!B:B,A10,'Project Tracker'!C:C,B10,'Project Tracker'!E:E,"Not Started") | H10: =COUNTIFS('Project Tracker'!B:B,A10,'Project Tracker'!C:C,B10,'Project Tracker'!E:E,"Waiting on Google Support")
A11: Phase 9 | B11: Cost & Performance | C11: =COUNTIFS('Project Tracker'!B:B,A11,'Project Tracker'!C:C,B11) | D11: =COUNTIFS('Project Tracker'!B:B,A11,'Project Tracker'!C:C,B11,'Project Tracker'!E:E,"Completed") | E11: =COUNTIFS('Project Tracker'!B:B,A11,'Project Tracker'!C:C,B11,'Project Tracker'!E:E,"In Progress") | F11: =COUNTIFS('Project Tracker'!B:B,A11,'Project Tracker'!C:C,B11,'Project Tracker'!E:E,"Blocked") | G11: =COUNTIFS('Project Tracker'!B:B,A11,'Project Tracker'!C:C,B11,'Project Tracker'!E:E,"Not Started") | H11: =COUNTIFS('Project Tracker'!B:B,A11,'Project Tracker'!C:C,B11,'Project Tracker'!E:E,"Waiting on Google Support")
A12: Phase 10 | B12: PagerDuty Integration | C12: =COUNTIFS('Project Tracker'!B:B,A12,'Project Tracker'!C:C,B12) | D12: =COUNTIFS('Project Tracker'!B:B,A12,'Project Tracker'!C:C,B12,'Project Tracker'!E:E,"Completed") | E12: =COUNTIFS('Project Tracker'!B:B,A12,'Project Tracker'!C:C,B12,'Project Tracker'!E:E,"In Progress") | F12: =COUNTIFS('Project Tracker'!B:B,A12,'Project Tracker'!C:C,B12,'Project Tracker'!E:E,"Blocked") | G12: =COUNTIFS('Project Tracker'!B:B,A12,'Project Tracker'!C:C,B12,'Project Tracker'!E:E,"Not Started") | H12: =COUNTIFS('Project Tracker'!B:B,A12,'Project Tracker'!C:C,B12,'Project Tracker'!E:E,"Waiting on Google Support")
A13: Phase 11 | B13: Additional MCP Sources | C13: =COUNTIFS('Project Tracker'!B:B,A13,'Project Tracker'!C:C,B13) | D13: =COUNTIFS('Project Tracker'!B:B,A13,'Project Tracker'!C:C,B13,'Project Tracker'!E:E,"Completed") | E13: =COUNTIFS('Project Tracker'!B:B,A13,'Project Tracker'!C:C,B13,'Project Tracker'!E:E,"In Progress") | F13: =COUNTIFS('Project Tracker'!B:B,A13,'Project Tracker'!C:C,B13,'Project Tracker'!E:E,"Blocked") | G13: =COUNTIFS('Project Tracker'!B:B,A13,'Project Tracker'!C:C,B13,'Project Tracker'!E:E,"Not Started") | H13: =COUNTIFS('Project Tracker'!B:B,A13,'Project Tracker'!C:C,B13,'Project Tracker'!E:E,"Waiting on Google Support")
... A17: Final | B17: Final Production Approval | C17: =COUNTIFS('Project Tracker'!B:B,A17,'Project Tracker'!C:C,B17) | D17: =COUNTIFS('Project Tracker'!B:B,A17,'Project Tracker'!C:C,B17,'Project Tracker'!E:E,"Completed") | E17: =COUNTIFS('Project Tracker'!B:B,A17,'Project Tracker'!C:C,B17,'Project Tracker'!E:E,"In Progress") | F17: =COUNTIFS('Project Tracker'!B:B,A17,'Project Tracker'!C:C,B17,'Project Tracker'!E:E,"Blocked") | G17: =COUNTIFS('Project Tracker'!B:B,A17,'Project Tracker'!C:C,B17,'Project Tracker'!E:E,"Not Started") | H17: =COUNTIFS('Project Tracker'!B:B,A17,'Project Tracker'!C:C,B17,'Project Tracker'!E:E,"Waiting on Google Support")

Sheet Reference
A1: Field | B1: Value
A2: Project | B2: GCP AI SRE Agent
A3: Repository | B3: https://github.com/AshminPy/sre-agent-gateway
A4: Reviewed | B4: 2026-08-11
A5: Statuses | B5: Completed | In Progress | Not Started | Blocked | Deferred | Waiting on Google Support
A6: Priorities | B6: Critical | High | Medium | Low
A7: Purpose | B7: Master project tracker for roadmap and production readiness.
A8: How to use | B8: Update Status, Owner and Target Date in Project Tracker; summaries update automatically.

Sheet External Dependencies
A1: External ID | B1: Area | C1: Environment | D1: Description | E1: Impact | F1: Owner | G1: Status | H1: Production Blocker | I1: Required Action | J1: Validation Required | K1: Evidence / Notes
A2: EXT-001 | B2: K8s RBAC | C2: Work cluster: multitenant-us-east4-non-production, ns sre-agent-poc | D2: Agent needs read-only pod-log permission in the work namespace | E2: get_k8s_logs cannot retrieve application logs on this cluster | G2: Open | H2: Yes - Critical | I2: Grant least-privilege RBAC per the manual steps already provided (Role+RoleBinding, get/list/watch on pods, pods/log, events) | J2: A real get_k8s_logs call returns requested pod/container logs, not an auth error | K2: Environment onboarding item, not a sre-agent-gateway code bug. Manual remediation steps already provided separately. Not modified from this repo.
A3: EXT-002 | B3: Cluster onboarding | C3: Work environment generally | D3: Need a repeatable minimum-permission model so an engineer doesn't rediscover IAM/RBAC requirements per cluster | E3: Slower, error-prone onboarding of each new work cluster | G3: Open | H3: No - process gap, not a hard blocker for Milestone 1 | I3: Document the minimum RBAC/IAM template (based on k8s/rbac.yaml's real, applied pattern) as a reusable checklist | J3: A second engineer onboards a cluster using only the documented steps, no rediscovery | K3: Ties to tracker row 72/77 (Cluster onboarding workflow, repeatable onboarding documentation)
A4: EXT-003 | B4: Multi-container evidence | C4: Work cluster (observed during real testing) | D4: Multi-container pods (app + Istio sidecar) affected evidence selection during real testing. Confirmed 2026-08-22: ALL workloads on target GKE Autopilot clusters run an Istio sidecar. | E4: Risk of incorrect RCA attribution when the wrong container's evidence is used | G4: Open | H4: Yes - Critical (every workload is affected, not an edge case) | I4: Internal fix tracked as tracker row 158 (Container-aware evidence collection and attribution); this row records the environment observation that made it a confirmed Milestone-1 requirement | J4: A controlled multi-container incident proves the agent selects/attributes evidence to the correct container and produces no false RCA | K4: Confirms tracker row 158's code gap is real in practice, not just in theory
